entidad,n_fondos,importe_total,sog_medio,res_medio,via_medio,score_medio,icr,score_riesgo,nivel_riesgo
ACNUR,1,6400000,75.0,58.0,90.0,61.65,18.7,55.2,Alto
Consultoria XYZ S.L.,1,890000,20.0,30.0,62.0,28.4,18.7,26.9,Medio
FAO,1,7200000,50.0,58.0,78.0,50.5,18.7,45.7,Medio
OMS,1,3100000,50.0,58.0,68.0,48.5,18.7,44.0,Medio
PNUD,3,21000000,63.333333333333336,58.0,56.666666666666664,50.9,18.7,46.1,Medio
UNICEF,1,2800000,50.0,58.0,60.0,46.9,18.7,42.7,Medio
